Season,Any Number,Balance Game,Barker's Bargain Bar,Barker's Marker$,Bonkers,Bonus Game,Bullseye,Buy or Sell,Card Game,Check Game,Check-Out,Clearance Sale,Cliff Hangers,Clock Game,Coming or Going,Cover Up,Credit Card,Danger Price,Dice Game,Do the Math,Double Cross,Double Prices,Eazy az 1 2 3,Five Price Tags,Flip Flop,Freeze Frame,Gas Money,Golden Road,Grand Game,Gridlock!,Grocery Game,1/2 Off,Hi Lo,Hit Me,Hole in One,Hot Seat,It's in the Bag,Joker,Let 'em Roll,Line em Up,Lucky $even,Magic #,Make Your Move,Master Key,Money Game,More or Less,Most Expen$ive,Now....or Then,On the Spot,One Away,1 Right Price,1 Wrong Price,Pass The Buck,Pathfinder,Pay the Rent,Penny Ante,Pick-a-Number,Pick-a-Pair,Plinko,Pocket ¢hange,Poker Game,Punch a Bunch,Push Over,Race Game,Range Game,Rat Race,Safe Crackers,"Secret ""X""",Shell Game,Shopping Spree,Side by Side,Spelling Bee,Squeeze Play,Stack the Deck,Step Up,Swap Meet,Switch?,Switcheroo,Take Two,Temptation,10 Chances,That's Too Much!,3 Strikes,Time is Money,Triple Play,2 for the Price of 1,Vend-O-Price
29,15,0,8,5,0,2,4,1,14,6,10,7,6,8,0,12,5,5,13,0,0,12,7,7,11,12,0,5,13,0,6,0,8,3,1,0,18,2,6,5,18,2,6,10,19,0,14,3,0,15,9,7,0,9,0,3,3,1,20,0,0,19,12,6,9,0,5,10,1,4,2,2,17,0,0,2,9,8,2,7,3,2,2,0,7,5,0
30,12,0,8,2,11,0,2,3,12,9,8,6,7,4,0,12,6,1,11,0,0,14,4,4,11,7,0,4,14,0,8,0,4,1,4,0,17,1,6,6,19,6,8,8,10,0,9,4,0,15,6,4,18,11,0,0,2,3,16,0,1,20,13,6,10,0,4,11,2,3,1,6,16,0,10,4,8,11,2,9,5,18,4,0,5,2,0
31,14,0,7,2,6,4,2,1,9,6,8,7,8,4,0,16,5,2,13,0,0,11,7,7,8,11,0,7,18,0,10,0,8,6,4,0,17,1,8,8,15,2,7,4,15,0,13,2,5,13,3,9,15,10,0,0,2,5,18,0,0,17,17,4,7,0,4,6,2,7,2,6,17,0,8,7,8,7,2,6,4,18,5,0,6,7,0
32,20,0,13,4,9,1,2,0,11,4,5,7,7,4,11,15,3,4,13,0,0,12,6,6,8,8,0,7,11,0,9,0,4,3,2,0,18,2,5,3,13,7,5,9,18,0,8,4,10,16,5,8,12,9,0,0,2,1,21,0,0,14,14,7,6,0,5,6,1,4,1,2,17,0,7,5,8,6,3,8,4,14,6,4,5,3,0
33,16,0,10,3,5,1,2,2,14,6,6,6,6,5,8,15,4,4,12,0,0,12,5,7,10,9,0,4,12,0,11,18,6,1,6,0,16,0,10,3,14,2,7,4,15,0,11,4,0,7,6,8,14,9,0,0,3,3,17,3,0,15,10,9,5,0,6,7,1,5,2,4,14,0,6,5,10,8,1,6,9,17,4,0,5,1,0
34,13,5,8,3,8,3,2,1,13,8,6,4,3,6,9,12,4,7,13,0,0,11,3,7,6,11,0,5,17,0,8,13,4,3,5,0,18,1,7,7,16,3,4,6,14,0,10,5,0,17,9,5,12,5,0,0,6,2,15,7,1,20,12,4,7,0,4,6,1,4,0,6,15,0,6,6,8,10,5,9,6,15,4,0,6,5,0
35,13,10,14,2,8,1,2,3,10,7,3,8,3,5,6,15,2,3,17,0,0,11,7,4,8,10,0,5,11,0,9,11,3,2,4,0,20,0,9,4,12,2,5,3,16,7,10,4,0,12,13,8,8,8,0,0,4,1,15,7,0,19,13,3,10,0,7,6,2,4,1,6,15,11,6,5,8,4,2,6,7,17,5,0,5,3,0
36,21,5,19,2,4,4,0,2,7,10,6,4,5,6,18,19,2,8,12,0,0,16,6,6,10,7,0,6,17,0,9,11,7,0,1,0,16,0,7,5,24,9,11,1,16,4,11,5,0,5,11,12,10,7,0,0,6,6,15,2,0,12,15,4,12,0,11,7,0,3,4,2,25,6,4,5,9,9,3,13,2,18,3,0,3,3,0
37,18,14,1,1,13,0,2,0,4,7,7,3,7,10,5,19,1,7,5,0,0,17,8,7,18,21,10,4,18,0,15,11,9,0,1,0,17,0,7,4,27,5,6,3,16,10,16,2,0,17,19,17,13,7,0,0,19,6,16,7,0,22,20,6,20,0,6,6,0,1,3,5,26,12,1,1,11,6,1,6,6,20,2,0,1,7,0
38,23,12,0,0,9,4,4,0,4,0,9,0,11,8,3,18,0,6,8,0,0,16,9,6,20,18,6,3,17,0,11,14,13,0,3,0,21,0,7,5,24,5,7,3,18,12,21,5,0,13,15,18,11,9,0,0,20,2,14,10,0,24,23,6,19,1,3,9,2,4,7,4,23,12,6,5,19,6,5,8,4,28,4,0,4,4,0
39,14,6,0,0,12,5,3,0,4,0,4,0,12,6,12,21,0,11,10,0,0,18,9,7,24,27,12,4,16,0,9,14,8,0,2,0,20,0,10,6,28,4,7,3,20,10,21,5,0,8,19,17,11,10,12,0,16,4,15,8,0,20,24,5,16,9,4,6,1,3,8,5,21,9,4,5,15,7,3,7,6,31,1,0,3,5,0
40,21,8,3,0,11,5,1,0,1,0,5,0,5,6,10,26,0,11,12,0,1,15,8,5,15,12,14,2,13,0,7,12,8,0,2,0,15,0,10,6,23,4,7,4,20,10,20,4,0,14,15,19,8,8,11,0,13,1,15,6,0,19,16,9,17,7,7,4,1,7,7,3,21,12,4,10,15,7,5,9,2,29,4,0,3,6,0
41,18,3,11,0,4,1,3,0,0,1,7,0,2,4,13,24,0,8,6,0,6,4,4,9,11,19,18,3,24,0,1,10,4,0,2,0,21,0,3,8,22,2,5,6,13,8,15,3,0,18,11,17,10,20,9,0,3,2,23,5,0,19,10,9,9,11,7,3,2,4,13,3,22,14,4,1,13,9,6,13,4,16,5,0,3,5,0
42,14,10,11,0,8,1,2,0,1,9,6,0,5,3,13,17,0,6,8,8,7,11,4,6,16,8,16,4,13,0,9,15,7,0,1,0,19,0,7,7,26,2,6,4,18,11,13,1,0,17,6,16,4,8,7,0,13,5,23,8,0,18,13,5,10,8,4,3,2,5,8,4,17,13,4,8,9,9,4,10,4,25,3,0,2,5,0
43,12,9,11,0,8,6,0,0,13,3,5,0,9,3,10,12,0,8,6,12,4,8,4,5,10,13,11,3,14,0,6,9,6,0,4,0,15,0,10,10,22,2,5,5,18,11,6,2,0,11,7,14,6,11,8,0,13,6,15,7,0,16,12,1,9,7,6,5,1,5,14,6,11,11,1,4,5,6,5,7,7,24,3,15,3,3,0
44,13,6,13,0,6,1,2,0,10,5,4,0,6,2,9,10,0,6,9,9,8,8,8,6,12,11,12,3,15,0,9,14,10,0,6,0,15,0,5,8,22,3,6,4,15,9,7,1,0,9,10,16,5,9,7,0,9,5,15,7,0,17,11,6,5,9,4,10,4,1,5,7,11,11,0,3,4,6,5,7,6,22,2,16,2,7,6
45,14,12,13,0,6,0,4,0,16,7,9,0,7,4,10,14,0,4,6,9,3,10,4,8,17,17,7,4,14,0,4,12,5,0,2,16,15,0,5,10,21,2,4,6,12,10,12,1,0,9,8,11,4,10,8,0,14,3,10,10,0,16,10,2,6,4,4,4,1,1,11,4,10,9,0,4,9,8,3,7,2,23,3,14,3,4,10
46,14,9,9,0,7,4,5,0,8,6,6,0,3,6,12,15,0,6,10,8,5,9,7,7,12,10,12,3,13,7,7,15,8,0,1,12,15,0,6,8,19,5,4,5,19,8,10,2,0,11,8,13,6,10,7,0,12,5,13,4,0,13,7,1,6,7,4,4,2,2,10,8,18,10,0,4,12,7,4,7,4,18,4,12,4,6,8
